0,MB,0.06816660603210085,0.06251679811373911,0.001627738040587065,0.07204497993817219,0,0,0,0,0,0
0,WS,0.10816798445139085,0.12401330660352058,0.06657240735521713,0.07452760142180109,75.32775274655295,30,10.522024399422204,0,0,0
0,FR,0.12290536575322727,0.09803067612970709,0.10696493682132184,0.08042721057465636,0.7538735934269458,30,20.250048867156817,1.020203542477483,30,0.5058058812905771
1,MB,0.05973391239782079,0.046444750399291274,0.06717900530445622,0.10056831072780055,0,0,0,0,0,0
1,WS,0.08432323419483316,0.10425902698144504,0.08627764248014473,0.036524947475228484,85.35383827726434,30,22.347487873511458,0,0,0
1,FR,0.0866709874831721,0.0023194185879416435,0.0993078266119027,0.08720273705759168,44.17800716881784,30,2.9679558618796484,1.7997762934467103,30,0.5885491564802872
2,MB,0.026425345809275663,0.07292060764135258,0.050432614159835826,0.003743053543137753,0,0,0,0,0,0
2,WS,0.028259466166161498,0.10704170667804493,0.06499212993595248,0.0010922733586694183,56.9709229522813,30,14.251654631813544,0,0,0
2,FR,0.10657614471708994,0.09968542644359653,0.0022592247976139096,0.050985065739684726,51.2354709885344,30,23.13442824390126,0.4745982032966769,30,0.49589083398461453
3,MB,0.05483323607590267,0.020768351518366465,0.05506588765493986,0.05839025085680094,0,0,0,0,0,0
3,WS,0.039939302568519616,0.0675559659445281,0.012675205605066922,0.019540311688654,74.194865002597,30,23.632974415166547,0,0,0
3,FR,0.09177133025853652,0.030466273823448548,0.11680147579451425,0.009584033881278223,96.80130812658302,30,24.3103172178345,0.6249061916100931,30,0.10002244812473093
4,MB,0.007234107240447138,0.03556033091709977,0.053677073630683525,0.07857495787441418,0,0,0,0,0,0
4,WS,0.024026012447295478,0.05997277993413523,0.004467823974261667,0.12399601434323365,72.65003716854302,30,6.458406837927303,0,0,0
4,FR,0.03495012112062286,0.09722325123274332,0.013907250110697975,0.10310117195911249,62.46035501522501,30,9.219879196034867,0.7295521219061065,30,0.03999990661413655
5,MB,0.09460897464244312,0.07780154802373862,0.0224064917245642,0.11028657520667966,0,0,0,0,0,0
5,WS,0.09507535811703127,0.04769367459240925,0.0945771361358935,0.11079090470338247,7.445141505092179,30,5.7431895700845885,0,0,0
5,FR,0.027678017130784063,0.05067412765196885,0.11705654160250469,0.11153679873363669,14.883572840629288,30,28.018574096610248,0.6949638031223797,30,0.8312034289279727
6,MB,0.05223012640005771,0.04993631567513357,0.03669999922379294,0.02672819015553493,0,0,0,0,0,0
6,WS,0.05755547383926152,0.06311154826945145,0.06020215330213659,0.1190304828490414,94.50838863274927,30,5.830928794888202,0,0,0
6,FR,0.02753474999427763,0.11624061204075416,0.08060547198823521,0.014202163046325697,45.694607196481016,30,13.395628131561168,1.6894331213073672,30,0.41917895613262035
7,MB,0.10496041470735647,0.04691960886455085,0.057218737663870395,0.08954912800491643,0,0,0,0,0,0
7,WS,0.10964086287813288,0.08762412252303677,0.00838936723071676,0.08987146280715905,14.10346814037794,30,2.747370924160169,0,0,0
7,FR,0.011933805403999784,0.026892720379999444,0.07056043805918197,0.08392465049023386,4.7270672768903506,30,15.553958629658265,0.4959442536110499,30,0.11086862771639538
8,MB,0.052477995396961685,0.06658477342609359,0.05405119774197312,0.02147275242707515,0,0,0,0,0,0
8,WS,0.05658105878842429,0.05951340631450866,0.0348089267906824,0.0652070850492187,21.353069454025654,30,26.061159751100266,0,0,0
8,FR,0.03415799483882516,0.02330054002986727,0.11406682681085803,0.034608000290436244,81.20577115694927,30,30.32414163542407,1.772143025110733,30,0.06609597177075166
9,MB,0.10953595706473583,0.06384419276261902,0.0694865622597878,0.016530455598182656,0,0,0,0,0,0
9,WS,0.09402501094036353,0.054189565810205786,0.09500696356233018,0.056136979770235046,56.37763218707781,30,22.46494966986102,0,0,0
9,FR,0.0924120585902597,0.03157253529707621,0.09141128359118918,0.0071169140000726105,30.556761078352256,30,16.51119330994974,1.5135358713994524,30,0.09777638066154504
10,MB,0.0922841426470381,0.05135530113178413,0.020119866865821248,0.06688875797772995,0,0,0,0,0,0
10,WS,0.07901224103841357,0.04252023904768855,0.10576516142128285,0.11048106169401116,32.603388561351125,30,9.188633714244538,0,0,0
10,FR,0.054874816559501785,0.027876499534322252,0.04110887872253512,0.1061549848966873,74.91764475541838,30,10.870449756155278,0.9819483044160846,30,0.8304157148766376
11,MB,0.12337114373703147,0.06978937015267991,0.0782468009948728,0.12209971345409555,0,0,0,0,0,0
11,WS,0.07945303067148278,0.020437920620440447,0.10436870451926916,0.0369176470935193,90.14216004064167,30,28.80658955367479,0,0,0
11,FR,0.08302886208214766,0.049508125865699415,0.0003377710480196583,0.020929418995818766,88.13792700476975,30,20.15767857058604,0.494874302844188,30,0.09237549311997473
12,MB,0.07504379265531869,0.09776094891948477,0.11889091011083162,0.06443994588939939,0,0,0,0,0,0
12,WS,0.023270125239251177,0.038336928683609175,0.022482356784195343,0.09485046026918721,77.20987097612446,30,27.482029862279443,0,0,0
12,FR,0.029043259595188997,0.07319356113076855,0.004279723791291032,0.01122532133498004,31.037815938684112,30,30.36717209058045,1.9804382635017241,30,0.8083703471000977
13,MB,0.046643416410466376,3.0232934937354794e-05,0.11461336802943821,0.049250609461990585,0,0,0,0,0,0
13,WS,0.008337645945310376,0.07733757671869038,0.009191531935005118,0.057261037783433874,37.7840439495498,30,31.37209949415142,0,0,0
13,FR,0.07111848557392521,0.09392245439031142,0.025659313704807535,0.029928735932460093,32.74233342410437,30,17.669778624065945,0.47045635223411053,30,0.16511010434714446
14,MB,0.1038267341537415,0.05377086950684415,0.09494848872294454,0.11705266834325219,0,0,0,0,0,0
14,WS,0.004638889758767514,0.003615510456076096,0.06060034861785944,0.06408907198548784,75.9563333696821,30,19.990323948996917,0,0,0
14,FR,0.10052133960851052,0.08697696146195404,0.07579830556613253,0.00962913159687813,61.72120540987193,30,27.205965110275613,1.4553430468049018,30,0.23131647272797373
15,MB,0.08158913507141814,0.07624606889434352,0.010422890385229824,0.04092741570973997,0,0,0,0,0,0
15,WS,0.09033598287748848,0.08766384828062763,0.0488868323193538,0.03160811998134293,42.86888490489096,30,17.025013293051416,0,0,0
15,FR,0.010240866728968567,0.08527741238054592,0.08974196517888051,0.023222145398491545,79.49718410676968,30,3.2826909931334143,0.32715757686467684,30,0.7656941412517065
16,MB,0.12036663796626935,0.12379821106052664,0.061634903990988574,0.12361880667057265,0,0,0,0,0,0
16,WS,0.0600656855588735,0.02015388557178467,0.08682157496388393,0.09756858565908674,18.084814428326425,30,2.1448110624796257,0,0,0
16,FR,0.06493255084493363,0.12297687201609235,0.08889785609270362,0.05151969579611877,96.71027911807919,30,16.4882796120563,0.08406582606337287,30,0.6834938800124892
17,MB,0.013216102292105,0.10533242522326242,0.0476229676897203,0.10447515157068768,0,0,0,0,0,0
17,WS,0.10186987167755347,0.029020545917744195,0.08124716426624237,0.09588802497928395,99.0431065207407,30,11.792191542352892,0,0,0
17,FR,0.07562357922603678,0.10076546875525282,0.03045279428156107,0.021869740821069197,68.36727076991296,30,11.674242598906194,0.012076852705907859,30,0.8649721156753069
18,MB,0.0758413514216432,0.0535517867452234,0.03606667467526126,0.03613977768675297,0,0,0,0,0,0
18,WS,0.016171975216416723,0.12403965759703733,0.09454564288668467,0.06551482264050709,82.73972120550279,30,4.322025359855619,0,0,0
18,FR,0.0377514263420564,0.035299098768208165,0.07335221314060282,0.08347943210112763,73.91195409230636,30,6.062703147395684,1.6888632192600153,30,0.5987587470303584
19,MB,0.009825972093161162,0.07522316401458487,0.014220586288020448,0.014616196896091713,0,0,0,0,0,0
19,WS,0.11261385830739981,0.07386492626364338,0.0942301142460643,0.0035183736494750067,88.05161945646279,30,11.42955693363281,0,0,0
19,FR,0.016986244622875526,0.06313469857619555,0.03656385884629894,0.06869373384870661,47.80044202184306,30,18.903800434943623,0.594937232776158,30,0.744034851496103
20,MB,0.11458474941449905,0.05449178490902147,0.11759235744932613,0.049747054392966394,0,0,0,0,0,0
20,WS,0.020722516995761914,0.09942990550562952,0.026020727482027647,0.08007375403336062,44.91335390607407,30,7.996630693438856,0,0,0
20,FR,0.12440479299928422,0.05326066446625105,0.0573333605835645,0.09153750665177805,39.40173517668053,30,17.58683815937279,0.6356420650286603,30,0.48299224156061005
21,MB,0.11827114845808087,0.036329504732284926,0.11799101901683033,0.038667551823159146,0,0,0,0,0,0
21,WS,0.07840588695324585,0.048503479530505086,0.09496783118441879,0.004810360576562089,62.15993735488333,30,31.71429092974267,0,0,0
21,FR,0.06158083204897985,0.10791346879825374,0.0676395724987637,0.10546883135422826,99.71272936121606,30,3.529922302995814,0.4327885563382976,30,0.016489181178479306
22,MB,0.028333701885419033,0.08104148887876082,0.06070796405556095,0.04936741575486936,0,0,0,0,0,0
22,WS,0.04613484026210003,0.0049092627707179315,0.11761046262090619,0.10693280782903285,15.758002360632728,30,3.72609781578112,0,0,0
22,FR,0.008147549737760884,0.09328915212892826,0.11229560764565127,0.10539032447509468,97.12763010195053,30,2.8820419110158575,0.34630074218841833,30,0.06353429601581795
23,MB,0.10771606723876952,0.039484116285246146,0.08855421898387125,0.11513183765819729,0,0,0,0,0,0
23,WS,0.11318845058459705,0.07326155761530632,0.08055341589421551,0.029612963324123998,42.00411520164059,30,6.014012331719254,0,0,0
23,FR,0.05408420041822831,0.11763952910165495,0.017739080511143868,0.00828213949871251,34.33789136104102,30,1.679281724240834,1.062572507906334,30,0.5447447926171235
24,MB,0.07321701930998677,0.1152788599793319,0.11074026134463802,0.08519628908212783,0,0,0,0,0,0
24,WS,0.09628735319155775,0.09246693828005753,0.030737985439929186,0.08874892348746083,50.81547611005166,30,20.87458226160793,0,0,0
24,FR,0.020410704610301172,0.038928156052425625,0.007898570159568227,0.0954888860279624,3.1001682773652117,30,11.289774011146196,0.3745601326230201,30,0.26130684416135586
25,MB,0.10318219812504241,0.002565254332577746,0.005938693711636897,0.07727910351789471,0,0,0,0,0,0
25,WS,0.0065040999720890336,0.003490845479605806,0.03827971727273981,0.056171237398589424,24.934850522179985,30,1.8050781888022591,0,0,0
25,FR,0.08305679032373744,0.10138357440218508,0.11758687479422587,0.04031712809488351,1.9296273596747016,30,18.308903543271384,1.344203432748778,30,0.8203855130301541
26,MB,0.036291269587390484,0.011226568588994276,0.03133315198886635,0.08007858333207869,0,0,0,0,0,0
26,WS,0.10293121953424884,0.07156435792259758,0.01653615997472488,0.009679232703943413,1.1210222798952674,30,17.002222002412953,0,0,0
26,FR,0.0002382126701433035,0.09514045014086712,0.029870251959996916,0.1099562577619937,69.13141777685205,30,0.91963691727846,1.9559038620943932,30,0.262398759517694
27,MB,0.11086991849785581,0.01705830742614857,0.056857876511551136,0.06224563959728123,0,0,0,0,0,0
27,WS,0.061671323800731176,0.09461725548987268,0.07618519148806804,0.1152365978542123,77.53935013920542,30,8.157576317038043,0,0,0
27,FR,0.10879351568689612,0.061263692176798626,0.07925588124448028,0.09107639259833214,40.99476840543026,30,18.46010422400998,0.4564649416558957,30,0.007962054902941218
28,MB,0.10235070734325584,0.0027789973283477987,0.11492898194903006,0.1037213310363085,0,0,0,0,0,0
28,WS,0.11352100290142428,0.11091272259434086,0.12231090452126697,0.11271996631845091,10.791386048480778,30,22.716922906919994,0,0,0
28,FR,0.0995704288985123,0.09751396329324301,0.08820058551066513,0.0009435962781976226,80.82299914771846,30,13.398985013987737,0.48577084580844154,30,0.15287373373237134
29,MB,0.08512992070085607,0.11059720627858671,0.11334445089992573,0.04727053192325843,0,0,0,0,0,0
29,WS,0.005341068945961605,0.058348727299413414,0.07958087471002677,0.06386595093002446,24.989199867793076,30,8.972256002735378,0,0,0
29,FR,0.014443481366199107,0.04051568104036239,0.0076697835260922664,0.024331937565652897,35.830628014190744,30,7.32867360481287,0.4294245252421365,30,0.9744327355061314
30,MB,0.015681875382696442,0.04908135320066051,0.0604600998343611,0.003456555043436907,0,0,0,0,0,0
30,WS,0.08633173315006551,0.12384276652187785,0.11565761962279492,0.10001954862781452,56.720039679592716,30,3.833101656675531,0,0,0
30,FR,0.1101569495578268,0.10437954581726823,0.05019172832151206,0.09869128265130914,66.25302373287467,30,10.130564064214077,1.8282790938726527,30,0.7403425407453127
31,MB,0.07088922439091314,0.11376556409265397,0.11471760605526879,0.11224526110617118,0,0,0,0,0,0
31,WS,0.11912810556159684,0.021110230857216195,0.03276729199505708,0.11165911420789655,47.893168549405694,30,9.873914350048576,0,0,0
31,FR,0.05212480662386333,0.0682940964560907,0.019292068928118508,0.05282477468882439,28.660696602065517,30,16.734881861391475,1.8199132788959653,30,0.12188111734602092
32,MB,0.1233912983407949,0.047404751113716906,0.01270281218064312,0.007032148657468665,0,0,0,0,0,0
32,WS,0.0011902983162366265,0.02647053286255381,0.020946238437275985,0.09611685004939756,80.26204100244549,30,15.6782238915122,0,0,0
32,FR,0.042768680095255446,0.0276511008281998,0.04791857025346648,0.11314075520105804,11.791501795721649,30,14.231488798816834,1.9836073795978273,30,0.23382605244012666
33,MB,0.002500782007595334,0.07652582229077921,0.03248297296385268,0.08391269787569902,0,0,0,0,0,0
33,WS,0.012938687490766404,0.07157020955157395,0.08623058834271366,0.07996947593364821,53.4152024673771,30,11.532318272177694,0,0,0
33,FR,0.09676884362795224,0.10883551718544157,0.06512543632570479,0.0022036235288748346,23.437067128392197,30,20.45489374678111,1.8281021312706427,30,0.2774533759855674
34,MB,0.10519886673413235,0.09689210607444382,0.06522990899793214,0.11887261046819173,0,0,0,0,0,0
34,WS,0.002337121386799701,0.0976264866329774,0.046612720537847305,0.07851564052465182,32.93144950731851,30,1.1167659916712118,0,0,0
34,FR,0.041716805781972593,0.09215022851515539,0.08684207622839261,0.07309572199884361,47.720554614606,30,11.5614453339257,1.6923683968846703,30,0.7610308843608435
35,MB,0.0480874064734044,0.11062690475057468,0.015268890200310234,0.08358060956089053,0,0,0,0,0,0
35,WS,0.10975258342414024,0.08489193360218683,0.07384762918875795,0.0810796043490325,99.57718220575381,30,22.004592574283702,0,0,0
35,FR,0.040574378591078805,0.11226075607566267,0.10775385126908202,0.059658781505353406,14.411121506132908,30,6.955030870225453,0.4608451757543157,30,0.9129486649653038
36,MB,0.06456071540907121,0.024644882132039622,0.11000457579626928,0.08758596869957531,0,0,0,0,0,0
36,WS,0.05542395526243138,0.09120012345811532,0.08877215101829752,0.0714754404955051,62.526216406854786,30,29.45858747474835,0,0,0
36,FR,0.08902770380125012,0.08970083105729405,0.07128597526745825,0.01783159746236687,38.58374568385968,30,26.33683659947705,1.6870327738290594,30,0.4934905718731515
37,MB,0.10041819521885811,0.0594289723172762,0.055094998615839164,0.05139456103432283,0,0,0,0,0,0
37,WS,0.11200423089377043,0.09024578362561254,0.02698950297081376,0.08756398731208624,27.931942806645594,30,26.22518238287915,0,0,0
37,FR,0.04845084433101142,0.04360781510604633,0.0971757101138332,0.08538610240215759,44.116922285239326,30,19.85823403308029,1.2531784584725978,30,0.37104861882815754
38,MB,0.06528824038938626,0.1022610931785593,0.1205091771615857,0.07366940761316303,0,0,0,0,0,0
38,WS,0.0046785704804949285,0.08735199472672558,6.691835561040138e-05,0.10134982405414314,95.32292359912033,30,28.643865205130975,0,0,0
38,FR,0.08654386822796989,0.035419447893246456,0.012214732285208307,0.03682535698451589,62.74004408330809,30,27.621155281702013,1.1631350880142446,30,0.7353627797446262
39,MB,0.09982176008769529,0.11208698375957979,0.07280873941187362,0.01887094523760187,0,0,0,0,0,0
39,WS,0.1045711766110589,0.07057431044514245,0.1124494422943906,0.053066266478991736,90.35554001003827,30,21.46259960047819,0,0,0
39,FR,0.09254468527210932,0.08545559313205545,0.12055726984294067,0.0741384604759753,59.403514532110904,30,24.711655390201926,1.0966807058817005,30,0.651620458536264
40,MB,0.03313633435641809,0.08599644430047242,0.028138694882374027,0.03390492104288824,0,0,0,0,0,0
40,WS,0.12467881948910957,0.05852235647013562,0.009932842783319504,0.10760915744535185,45.5726648171604,30,0.9678466962561316,0,0,0
40,FR,0.06384251856611818,0.11599477386561517,0.042565378693192366,0.11454350364670007,67.43879341725149,30,29.367352904656823,1.2646757419650199,30,0.9879684673381599
41,MB,0.02777506848844484,0.05937210859087995,0.08232066715756413,0.07474900455594433,0,0,0,0,0,0
41,WS,0.05388131238240691,0.07212935568453799,4.945681202730978e-05,0.11363993947719062,69.0612914726045,30,9.366347403979027,0,0,0
41,FR,0.008553645564346096,0.036605343578910446,0.11844789299473785,0.07950197472045763,68.53762218606938,30,5.480880645168192,0.7963923718071237,30,0.4236957327331048
42,MB,0.015852597973441226,0.028876542336675207,0.08062245667618716,0.01732168263815617,0,0,0,0,0,0
42,WS,0.05457134876372158,0.0660330331124887,0.021016262533889774,0.12170501206513663,0.548800179457154,30,2.653591298309408,0,0,0
42,FR,0.03205506895321364,0.06260586703960519,0.08784657329055684,0.06970815560876205,85.45300291735698,30,6.2134657024463245,0.477112754157182,30,0.02626505222341402
43,MB,0.09361733915564853,0.049358784311840834,0.05854508943255357,0.10972934309484589,0,0,0,0,0,0
43,WS,0.06463620281385357,0.11816267452311718,0.02318360308239964,0.0005361887799030657,85.34432696603174,30,12.098645609632023,0,0,0
43,FR,0.05375817028236245,0.06347145541661554,0.025778849229047135,0.06615113346012205,51.24217419453092,30,29.91975206403571,0.2554596029153178,30,0.7118090157671165
44,MB,0.05432594387695612,0.05907618543164611,0.018231586718072193,0.007994842562661766,0,0,0,0,0,0
44,WS,0.10933723621546783,0.07310487690321536,0.06786118270353533,0.07050485817081718,95.48614775040859,30,5.238679598481731,0,0,0
44,FR,0.03222126387660422,0.09994801694714736,0.09512688643879261,0.07846808657861659,88.406430142551,30,25.864787109720556,1.1862548361145682,30,0.17638538492669065
45,MB,0.019211235497317708,0.06206445052975447,0.12482787505106918,0.07175980901264868,0,0,0,0,0,0
45,WS,0.06705342646161633,0.07425157098817611,0.013381171364941283,0.0008629707666707315,42.77746123733516,30,29.758691342091602,0,0,0
45,FR,0.06461747223859561,0.005380663614156414,0.005607491858604777,0.026182368503909342,75.85762750801278,30,6.677580260978818,0.8127152561047886,30,0.7600102732936894
46,MB,0.06323862480028783,0.016383759972229073,0.10191371094223738,0.06408622912158846,0,0,0,0,0,0
46,WS,0.06347587993021286,0.09695770875283521,0.03700843941752342,0.12247693068168009,15.212770122963448,30,12.651268657192478,0,0,0
46,FR,0.002862029284217499,0.0554686193877718,0.052791392222312314,0.02661311595526715,17.10473999180756,30,1.776411161084237,0.13317425703902686,30,0.46899511033737984
47,MB,0.08611764583051988,0.06419996211720146,0.0703045917918178,0.08968559538832589,0,0,0,0,0,0
47,WS,0.10314435161622704,0.12430743056087609,0.11616170630131523,0.054024004184216406,19.543624586970854,30,29.97074560012926,0,0,0
47,FR,0.07471797519321872,0.0056945437878188065,0.0813623924631762,0.01639693970610616,16.726961452435095,30,26.080125569632493,0.08619791196826099,30,0.8914848142260907
48,MB,0.09177941873737468,0.01666352115907535,0.03793582241115334,0.03281661636685372,0,0,0,0,0,0
48,WS,0.0383020207523522,0.016798550609853177,0.015294648794652033,0.11689506093999752,47.30653723269126,30,12.313883004147069,0,0,0
48,FR,0.01264664217588475,0.11424928577682461,0.10904517173727936,0.09477325450237997,13.424596702833025,30,6.715717454983427,1.154957468785522,30,0.145806228055266
49,MB,0.09084892925797604,0.07424640667113137,0.10719190630992796,0.08435599541084644,0,0,0,0,0,0
49,WS,0.10670268408839394,0.07953288701810533,0.028206427169322965,0.05076692944918666,52.53422541239813,30,4.205022901421071,0,0,0
49,FR,0.06835329635891803,0.04631673793346207,0.07125916548348601,0.09121675041175266,78.8299349752372,30,17.180790636831613,0.3519004316253227,30,0.4219450761652833
50,MB,0.006745074811431731,0.08417786868122142,0.07355413811834674,0.07560890182500311,0,0,0,0,0,0
50,WS,0.06293833578324785,0.022738422229617694,0.059064329778622124,0.05773343514347892,32.82849927450797,30,17.19809208892989,0,0,0
50,FR,0.12387157819656665,0.0004840463725156591,0.08224334690631825,0.01725245774925123,68.10374631573691,30,10.80077929361358,1.9744781075537283,30,0.13235605357904734
51,MB,0.018715460288024496,0.10301646743582472,0.04207345054782269,0.08041201438814716,0,0,0,0,0,0
51,WS,0.07857365003330037,0.031158199784296722,0.05862768347473245,0.0379664509357415,38.01086400509749,30,29.1520882858902,0,0,0
51,FR,0.0038636680253612554,0.0473164838033617,0.08316081742828015,0.1234772408495213,48.13480252362115,30,15.756082573903253,0.6106221584960512,30,0.5293564743709177
52,MB,0.07292832334804734,0.11586242019049611,0.06491332067673414,0.09079699730312103,0,0,0,0,0,0
52,WS,0.08158803640204691,0.09159940235940811,0.015151961445382042,0.04066738884521856,64.38521846457472,30,0.7088749411177346,0,0,0
52,FR,0.040365284464760606,0.02359423117157622,0.031337674144592736,0.04463140721300769,37.21418035867203,30,11.713400685420886,0.3421562484844116,30,0.7061437851041136
53,MB,0.021677050412673246,0.08621287061127238,0.08064266565166765,0.09576808485979073,0,0,0,0,0,0
53,WS,0.06852143963046159,0.05149157667996046,4.3558299934562394e-05,0.11744854320029209,52.62974694800301,30,3.337375019263799,0,0,0
53,FR,0.004525094877938354,0.05956963767544933,0.05464414693589281,0.026014676955746108,15.200835171395255,30,16.85501658564298,0.7489326987846288,30,0.11285609396090468
54,MB,0.004498956751997435,0.006047699776972573,0.053474637457144786,0.0699775610606347,0,0,0,0,0,0
54,WS,0.11059459836195244,0.08750483141962352,0.039843140893627046,0.07138075626820631,56.60780894692364,30,27.616686690833202,0,0,0
54,FR,0.0993795483442212,0.007181207145461749,0.00047971771227983684,0.039707022028310335,80.90547641300505,30,28.463315376016073,0.04926295294557481,30,0.7161508908938249
55,MB,0.04980612350011629,0.0551725116169704,0.08455723489061993,0.043740084948884844,0,0,0,0,0,0
55,WS,0.0880731217665328,0.054112286242540095,0.024682041943032765,0.01879950068661175,31.2548133938199,30,19.763792111412116,0,0,0
55,FR,0.07146005149833168,0.1086417679856634,0.07655581558265044,0.07213799649678386,51.173567773932746,30,26.413124844167577,0.5720055847383494,30,0.3386156180895922
56,MB,0.051349140135212815,0.11183277894100584,0.10531410715651815,0.04757532507102742,0,0,0,0,0,0
56,WS,0.0038231803509546913,0.09685329020254063,0.060297272266927035,0.12154269646417326,2.5222467370580204,30,18.480974524929515,0,0,0
56,FR,0.03695180982461825,0.07595555729744893,0.1207457434870823,0.09577900328973438,8.723569174089619,30,19.23601431540997,1.0393173724524842,30,0.4351527519201457
57,MB,0.02271269498593416,0.10897162618895444,0.06618989966519057,0.03137113956548751,0,0,0,0,0,0
57,WS,0.09518662680665678,0.03575817241443312,0.12363818381720233,0.09284637882178184,43.716844909459255,30,1.5756523761158547,0,0,0
57,FR,0.07667929921175558,0.012722225810294835,0.0688949742808977,0.06675603614872459,32.60333813305213,30,26.16631607147595,0.35395101488407654,30,0.9512455102354722
58,MB,0.08636084739020548,0.047686133325474805,0.06639632902719735,0.05316315855926014,0,0,0,0,0,0
58,WS,0.06122522095777262,0.07650497174668797,0.09013875231867224,0.05100730297023583,73.15476859418007,30,15.305366773149185,0,0,0
58,FR,0.08036667980496615,0.049454510671804855,0.05938385884886885,0.07823279959012938,84.50937016939521,30,24.839684320591683,1.0884090857533986,30,0.8939372970980048
59,MB,0.11159523339767208,0.009938820796624018,0.06373543742071125,0.11720375392402695,0,0,0,0,0,0
59,WS,0.017218002817532774,0.09518011315785489,0.012477553618369608,0.04377673728494852,4.8128305740719135,30,19.686605312732222,0,0,0
59,FR,0.06555472664683139,0.04168152382905241,0.010051198676409717,0.1154821888254603,37.586386478861165,30,3.8916503164469383,1.7230493176172372,30,0.5704261381080339
60,MB,0.12096864129796639,0.04305881545054216,0.06306777764021883,0.10046295033129742,0,0,0,0,0,0
60,WS,0.10640655142821732,0.04909898270924826,0.00858424021012684,0.11719307232404992,85.49855248471954,30,14.886981385145301,0,0,0
60,FR,0.07605869850596611,0.019713180756829873,0.058671847755636594,0.08569165328903426,34.68965003344919,30,16.583810009343225,1.3264128501657877,30,0.056697181582208045
61,MB,0.1122920849072408,0.06772656075567095,0.08384616894078165,0.06005875001238396,0,0,0,0,0,0
61,WS,0.1231597150424212,0.10287698436761182,0.06955466860187086,0.017114582593813266,34.67610013545579,30,17.699668335062753,0,0,0
61,FR,0.035611026077572744,0.02580147495435603,0.04087288526100967,0.06213925193159467,98.37127246681277,30,11.159049396466568,0.3097651046475556,30,0.818568787758695
62,MB,0.0003495143523259414,0.012493554961985953,0.1010136854489667,0.03891909977869115,0,0,0,0,0,0
62,WS,0.10106443417259943,0.03700701400450636,0.019861084451944705,0.10832318455278725,39.95252362494468,30,8.873249116469442,0,0,0
62,FR,0.0008703742422339761,0.0628759081256973,0.1172143882269341,0.04948759297264661,40.15301556177215,30,13.711746045941393,0.46009242935132244,30,0.8473065477909316
63,MB,0.01146635732790885,0.0881262345415203,0.03169514243017438,0.012700846339537539,0,0,0,0,0,0
63,WS,0.04816161230347141,0.10387728266435908,0.030196720981742142,0.05048534957131895,86.75640235018977,30,21.263442950139545,0,0,0
63,FR,0.018679752095859467,0.07019054073105306,0.1182025821956675,0.09635649716490914,59.33995267948584,30,16.514978455246688,0.12543061373639897,30,0.8836052998923848
64,MB,0.05435087815046567,0.02784090216441222,0.052314865357096646,0.12335556356874244,0,0,0,0,0,0
64,WS,0.012103663682805202,0.09831249695925506,0.06766056521202468,0.06309231725851637,30.73574530565265,30,27.21771353370607,0,0,0
64,FR,0.10970203846351462,0.04864567465901605,0.11199767889829516,0.0899864251138441,45.92513068686262,30,19.197959436498728,1.78710558826609,30,0.03322723282448847
65,MB,0.094174062351903,0.11954699633139079,0.11433025455899533,0.052011640940139395,0,0,0,0,0,0
65,WS,0.0006917723337502291,0.08030519745457869,0.04606773745278635,0.10665298128143727,50.00857477724898,30,19.80251977755272,0,0,0
65,FR,0.08852096551761907,0.11006600027141657,0.04307541057919899,0.09008008527403036,38.39389401332922,30,13.38608122417902,1.7525641440755768,30,0.7562708541465342
66,MB,0.03850009100361919,0.03234652134372454,0.020943331803204457,0.08942353563800441,0,0,0,0,0,0
66,WS,0.05014004808090991,0.08815474597967518,0.11583172006748425,0.0933800694459758,72.05994457915617,30,22.563566172564215,0,0,0
66,FR,0.03362076854841914,0.11406314443233488,0.0648584096452047,0.07582757600970554,86.16166156053173,30,2.3807014399117215,0.9701812713108415,30,0.3160724071967068
67,MB,0.10161488904959087,0.10109739442291814,0.07661329410399219,0.04461850289428296,0,0,0,0,0,0
67,WS,0.10593744905615808,0.12379930290057398,0.10541493894439659,0.09701433926202722,9.278149123592872,30,19.204008660452946,0,0,0
67,FR,0.050334889018883236,0.07931864359457846,0.017734928979110845,0.04771513774896055,69.4557512864852,30,18.632622171266565,1.1689100683252955,30,0.9973271746327139
68,MB,0.03689101578941249,0.012614232934082953,0.057312057864275595,0.07518451198386066,0,0,0,0,0,0
68,WS,0.07930222475207098,0.07037317870410062,0.022206244141044912,0.03257853366673959,44.89403638413735,30,28.587864510246394,0,0,0
68,FR,0.020390206559616028,0.03550057445479693,0.12424976649130716,0.017786705564424896,12.437414004681823,30,0.3170859405684858,0.810871685090615,30,0.355696363396084
69,MB,0.04433393610957284,0.05107218896854823,0.018647626709178813,0.0897912249953158,0,0,0,0,0,0
69,WS,0.08640900701898277,0.012518104256953877,0.11897860091578322,0.0038214043897687733,38.14614295281432,30,30.20786217688202,0,0,0
69,FR,0.0995202106271032,0.09128459130495911,0.007993675440694542,0.07338158048666205,62.71824592220497,30,23.37604613624894,1.3272753394189825,30,0.07687130751745519
70,MB,0.0638908038515015,0.07535914267672718,0.03924091035748993,0.06822296754650604,0,0,0,0,0,0
70,WS,0.025329018407689682,0.05216787492706629,0.0903941980660977,0.020546747960732192,35.72696907504197,30,10.100933293111286,0,0,0
70,FR,0.07529401588704267,0.09649675897374049,0.12348131295736171,0.0314969052260919,42.91754274613354,30,30.418795103759923,1.2401730851329478,30,0.69298518036379
71,MB,0.07506948729706059,0.09898179779302645,0.01837813685578954,0.10588027924482507,0,0,0,0,0,0
71,WS,0.11336369980094346,0.03425217587582387,0.11006380833036135,0.016180770944361517,81.39520904941227,30,30.570057685904246,0,0,0
71,FR,0.024556606169993278,0.04201969842847504,0.10784267606147989,0.025485462404769316,78.7078765214787,30,24.746301359801762,0.2027990684717329,30,0.13099895543147866
72,MB,0.02318442881636859,0.04344965931584685,0.03095395966146848,0.09052987435977236,0,0,0,0,0,0
72,WS,0.04439904813393855,0.06642178269201725,0.11731958868974006,0.11131886128505093,41.95380030501777,30,12.429345963607986,0,0,0
72,FR,0.0006322021216949025,0.010840030420932206,0.08269127337642551,0.058323610289238714,48.48769803850001,30,3.393598725617224,1.468475464338914,30,0.38655603919156234
73,MB,0.006383157709669712,0.10609410704876214,0.03277118849647241,0.07743303743469214,0,0,0,0,0,0
73,WS,0.061761728397703886,0.09690213631192444,0.05211896146046503,0.0725124392551418,54.639626036069075,30,20.660398723414758,0,0,0
73,FR,0.10593417619421774,0.02431158799529795,0.07183400883690091,0.010090640482750171,84.34589856833217,30,0.7178845465762365,0.7188909711551645,30,0.08739946391377662
74,MB,0.09594888371528762,0.11137297065310939,0.07165620407848235,0.09145479175627567,0,0,0,0,0,0
74,WS,0.010136446454568598,0.0764369580124705,0.006871516448058959,0.05407280659628412,9.784844858741726,30,2.5290240586952493,0,0,0
74,FR,0.04613247679041267,0.09279280399489573,0.07730792842248292,0.034999162328860606,15.067235027197334,30,1.7475245085736404,1.2087945951284824,30,0.11707152329179293
75,MB,0.022849778935020493,0.026663951473389153,0.020430788526348984,0.010251045915608326,0,0,0,0,0,0
75,WS,0.11540235055959105,0.06043253903216882,0.028303174129436143,0.10020919256859484,40.00942042064953,30,21.65494309960609,0,0,0
75,FR,0.05966205246239965,0.11546081371961359,0.035484247263865384,0.024520331675427387,24.816403172369117,30,28.466936128819704,0.4895695824935258,30,0.1611712978249078
76,MB,0.10866981235443658,0.06686697558057525,0.03535893169656812,0.08937081999088464,0,0,0,0,0,0
76,WS,0.0037307288549782297,0.03782304148605273,0.04655301824942229,0.030673475708817857,4.516629239349768,30,15.679198058101818,0,0,0
76,FR,0.12208663850926636,0.05834029162655621,0.02397420286264236,0.05329865191758068,55.7025668769936,30,24.510543560687072,0.5252124636348021,30,0.7434275916652794
77,MB,0.07128012304394798,0.06697180838584674,0.060898687774738655,0.07971938002508135,0,0,0,0,0,0
77,WS,0.020539616949354772,0.10791337920645823,0.045774907434498496,0.12181401599772124,63.46226758846767,30,29.158650490360237,0,0,0
77,FR,0.09657195588108505,0.12000738954979916,0.054628591498777426,0.08234502420588469,84.03683716300044,30,17.595828422171632,0.4253550197529421,30,0.8794514482646214
78,MB,0.03361546185699031,0.10188703059037653,0.08224798659222618,0.0038649511576308027,0,0,0,0,0,0
78,WS,0.11785923629523906,0.006500892371465769,0.05302571821807443,0.005894818083286055,48.03629147240981,30,26.737784928858776,0,0,0
78,FR,0.013057886522048603,0.006805761465196028,0.0819217527155021,0.11736034099676881,85.2982029646402,30,6.8268869123236335,1.8782831715211803,30,0.866323433749468
79,MB,0.10571725376588717,0.05032877103991862,0.09066016224887809,0.07465044037959169,0,0,0,0,0,0
79,WS,0.12292913832200639,0.06419768876512408,0.05241222322109712,0.12173859872593588,55.89886016526771,30,22.9606672986124,0,0,0
79,FR,0.07780850152988794,0.08812629282817455,0.0001279882936122967,0.04821337677382832,36.64981520785442,30,10.42711270655792,1.6339098384316637,30,0.9024507521809387
80,MB,0.07257867638422044,0.0825270525686841,0.06757872945633801,0.0714002721933789,0,0,0,0,0,0
80,WS,0.02478601954906373,0.013701539257630263,0.08538625916133154,0.0639780854254793,70.4302042800983,30,14.501923365166856,0,0,0
80,FR,0.023796176944223077,0.05554139381475923,0.06090353456787244,0.09414680652144115,30.358091159321276,30,27.959404073950914,1.4725461384116851,30,0.12607391529820777
81,MB,0.05959403714637038,0.0983438757613382,0.10576328531748797,0.01143252393147412,0,0,0,0,0,0
81,WS,0.08313959718519406,0.12418930355278371,0.06766084908610463,0.10011452200819321,67.9756889310906,30,1.548290251413711,0,0,0
81,FR,0.09791479484417762,0.016986764276522626,0.09929123796339272,0.05745812730514989,2.2861289100959414,30,6.763499097488118,0.7900343641546221,30,0.5232646401861095
82,MB,0.07644702474152343,0.09915589910976265,0.0648607375148943,0.048571935796540136,0,0,0,0,0,0
82,WS,0.11419562816557223,0.11861872607058352,0.10651093536768756,0.0640520024479001,41.927024841639756,30,18.115509165130952,0,0,0
82,FR,0.05812452405892106,0.0076510622711701975,0.03781573841025944,0.05104993400922138,95.51405392434785,30,5.782429006469929,0.9465019286867342,30,0.539765657155206
83,MB,0.12184990732040064,0.029347919013364338,0.07903691770257341,0.08190962505231547,0,0,0,0,0,0
83,WS,0.08017717438733177,0.10080484467488629,0.04712585548096819,0.12159798534302417,24.268488216957817,30,12.894727056139981,0,0,0
83,FR,0.11299189934379426,0.006502579445986534,0.01574185996704311,0.10654303889623641,3.517197723062526,30,17.51726178781696,0.9609506386809106,30,0.07886836403282238
84,MB,0.07984447801893983,0.011796831308467717,0.052840480036282916,0.09081495327026301,0,0,0,0,0,0
84,WS,0.10515969940160776,0.072683463310172,0.1243396788734551,0.058331846314473926,85.92850680158953,30,26.94968064590483,0,0,0
84,FR,0.03891877904054465,0.11582536143613964,0.022216422526160642,0.020155787963475974,42.552850632726205,30,9.514211295468655,0.07631264555222539,30,0.284042060693922
85,MB,0.04192356738503178,0.041393053630071855,0.11298147870588178,0.12051460821018965,0,0,0,0,0,0
85,WS,0.09862701472682664,0.10878757707291024,0.1165082743880113,0.05921227548429715,98.36405538630419,30,12.652538283971165,0,0,0
85,FR,0.013639755421370012,0.04817066423130216,0.08142329541983474,0.044669682331304236,80.43160772369563,30,3.613463467487666,0.3988577206403565,30,0.6986711129550603
86,MB,0.02013030948124238,0.06033212984184952,0.052132038806709996,0.009990092722897193,0,0,0,0,0,0
86,WS,0.04214382860671689,0.12322236745688589,0.0716446382866087,0.03719414848904318,51.653468366229994,30,2.8139307071621715,0,0,0
86,FR,0.028433140396384976,0.06622966428376234,0.11529803965864145,0.05243792426008814,89.5103056737782,30,6.28798740782166,1.8848028206442755,30,0.6795253320318968
87,MB,0.12103964575837407,0.02563148132943535,0.013977513461947588,0.047141835787213926,0,0,0,0,0,0
87,WS,0.08564952522339173,0.07829618339940375,0.0953834857699735,0.12330972085297459,12.016843636847451,30,15.089088469640842,0,0,0
87,FR,0.1018725856103705,0.09095943476231237,0.11333357394360206,0.08511391375418831,22.129944861467997,30,8.0213066976148,0.7363806072464356,30,0.3821607922434227
88,MB,0.06849026141167465,0.06369249234459795,0.06544613699811978,0.030004092157042084,0,0,0,0,0,0
88,WS,0.04293064447654171,0.12462945785423588,0.06329341647585798,0.08674648692481958,15.080453995829545,30,4.346376418600698,0,0,0
88,FR,0.011471185679004514,0.08207531583951129,0.03636662882896852,0.04873507126597014,58.702552144185184,30,20.8155856806999,0.47818682099634335,30,0.9983760371846636
89,MB,0.014976347825031835,0.07135569352907252,0.060765092029456,0.09347167332794783,0,0,0,0,0,0
89,WS,0.017007384331344744,0.08430251887459647,0.07097799641206753,0.12172517768370328,63.34895264863118,30,1.708365016542281,0,0,0
89,FR,0.015532139010075455,0.08301486852884983,0.09094907142881596,0.08556489246203773,46.577574490111026,30,17.156925619557615,1.6602318444246564,30,0.817684913781829
90,MB,0.05351276572194945,0.08870759369411482,0.11592516027795974,0.08582774569372054,0,0,0,0,0,0
90,WS,0.06344915122842683,0.07197758739021924,0.048378643521511916,0.12273216979587175,99.42271522384303,30,4.017505826160864,0,0,0
90,FR,0.1003535279837338,0.11545018368989983,0.00015571386884974392,0.026207934173215194,44.54739953203817,30,1.7390631710466025,1.3229530639962608,30,0.4591386129814061
91,MB,0.11183641121650277,0.10378893274260793,0.11062510766850907,0.11595354351102825,0,0,0,0,0,0
91,WS,0.0456513444780024,0.028692352589640438,0.07973009966687077,0.12445503094133865,23.300510762267347,30,6.712284123886096,0,0,0
91,FR,0.10115175735643739,0.10188095020801295,0.09128337433385779,0.07701646768365615,35.12444506973272,30,25.23626199603988,0.24306741555832478,30,0.35441676188522697
92,MB,0.11613942690774924,0.026845366705462254,0.07884103352319681,0.010323011631758389,0,0,0,0,0,0
92,WS,0.07793720631852537,0.016431234598059882,0.08915098803382586,0.11679838712872834,41.990538117628894,30,23.422657218618298,0,0,0
92,FR,0.11197302961125484,0.07061358541377646,0.028619066920805514,0.032080229846838185,41.0187612118185,30,12.136748001642733,0.9963603865013602,30,0.8536819093463701
93,MB,0.09430222120045857,0.12022082510428211,0.015843210569132612,0.08126892530656324,0,0,0,0,0,0
93,WS,0.10785116713120659,0.015883166271625962,0.015806737017714095,0.04650604935019782,48.55898806791602,30,16.47752300274042,0,0,0
93,FR,0.1227227734787799,0.038309989663608754,0.015355558821303378,0.045983081123048344,0.07539189445413541,30,23.029035705768134,0.4685944850928736,30,0.7993529176832763
94,MB,0.07548918121127578,0.0528065085989447,0.03303080128112952,0.09688583857439965,0,0,0,0,0,0
94,WS,0.00367361423080928,0.11541925946010771,0.02313244100815598,0.0049445071207493,76.19438144521146,30,5.441893906678747,0,0,0
94,FR,0.09743751819599493,0.03432246241709963,0.0683583645324108,0.041258864746454946,63.81294878178235,30,19.644585814198564,1.4474806903071764,30,0.8694333583313705
95,MB,0.12319458859459084,0.10028000422236509,0.011256851005728985,0.0011556738187665089,0,0,0,0,0,0
95,WS,0.0058629865152467625,0.08935522668921785,0.029515343979009775,0.11410953224199262,7.783528228535386,30,17.470562759195374,0,0,0
95,FR,0.038598007957808794,0.10336187797618612,0.06344822276536144,0.03619950846380121,31.86417836543892,30,12.821609081239185,0.576958946904669,30,0.49436398997671316
96,MB,0.11030629454871023,0.007219002493738885,0.07862767375079278,0.06643638874312746,0,0,0,0,0,0
96,WS,0.08806767316856619,0.1242727953290377,0.05798826065966339,0.009613267701302955,72.08205449318001,30,14.40627598514618,0,0,0
96,FR,0.06570886669540388,0.04867335772608014,0.07151207295666286,0.01074891395355014,42.94391456300812,30,29.28039250790947,0.42591356710684214,30,0.5595476157961411
97,MB,0.09192574438322172,0.0957770329145145,0.09394376610655635,0.097541569104835,0,0,0,0,0,0
97,WS,0.01639955693032165,0.02784493927443199,0.11294579065245561,0.12189854620233377,6.134581468987466,30,0.13130861483260148,0,0,0
97,FR,0.08577790656342979,0.11469792655857247,0.07095776987705049,0.03677111952043721,66.0130081981874,30,3.001096784268583,0.37974840101540996,30,0.014062407105005614
98,MB,0.11716658184991063,0.05503390268147694,0.015914227905242745,0.04567768558817378,0,0,0,0,0,0
98,WS,0.021140880062976417,0.11507788874513497,0.09088762800761181,0.11761070004286545,89.34317030670287,30,22.73039572210623,0,0,0
98,FR,0.11061327862807961,0.060967504751231,0.06430881617895003,0.08660810696193101,40.84058238822465,30,7.388455030349267,1.1184898742166456,30,0.6536489807493305
99,MB,0.03027278143529963,0.11357242616312027,0.032723790477293166,0.10888232289463232,0,0,0,0,0,0
99,WS,0.05533316808968165,0.07023071975483657,0.02580286449235776,0.11462478179932621,51.96621706906244,30,13.016995089797327,0,0,0
99,FR,0.035110116047021675,0.03859504723558141,0.034653011394858796,0.07257018052097096,96.19881820475176,30,31.079692156134712,1.9271536047451616,30,0.33626079173339873
